{
  "places": [
    {"id": "hokkaido", "label": "北海道", "aliases": ["道内"], "type": "prefecture"},
    {"id": "aomori", "label": "青森県", "aliases": ["青森"], "type": "prefecture"},
    {"id": "iwate", "label": "岩手県", "aliases": ["岩手"], "type": "prefecture"},
    {"id": "miyagi", "label": "宮城県", "aliases": ["宮城"], "type": "prefecture"},
    {"id": "akita", "label": "秋田県", "aliases": ["秋田"], "type": "prefecture"},
    {"id": "yamagata", "label": "山形県", "aliases": ["山形"], "type": "prefecture"},
    {"id": "fukushima", "label": "福島県", "aliases": ["福島"], "type": "prefecture"},
    {"id": "ibaraki", "label": "茨城県", "aliases": ["茨城"], "type": "prefecture"},
    {"id": "tochigi", "label": "栃木県", "aliases": ["栃木"], "type": "prefecture"},
    {"id": "gunma", "label": "群馬県", "aliases": ["群馬"], "type": "prefecture"},
    {"id": "saitama", "label": "埼玉県", "aliases": ["埼玉"], "type": "prefecture"},
    {"id": "chiba", "label": "千葉県", "aliases": ["千葉"], "type": "prefecture"},
    {"id": "tokyo", "label": "東京都", "aliases": ["東京", "都内"], "type": "prefecture"},
    {"id": "kanagawa", "label": "神奈川県", "aliases": ["神奈川"], "type": "prefecture"},
    {"id": "niigata", "label": "新潟県", "aliases": ["新潟"], "type": "prefecture"},
    {"id": "toyama", "label": "富山県", "aliases": ["富山"], "type": "prefecture"},
    {"id": "ishikawa", "label": "石川県", "aliases": ["石川"], "type": "prefecture"},
    {"id": "fukui", "label": "福井県", "aliases": ["福井"], "type": "prefecture"},
    {"id": "yamanashi", "label": "山梨県", "aliases": ["山梨"], "type": "prefecture"},
    {"id": "nagano", "label": "長野県", "aliases": ["長野"], "type": "prefecture"},
    {"id": "gifu", "label": "岐阜県", "aliases": ["岐阜"], "type": "prefecture"},
    {"id": "shizuoka", "label": "静岡県", "aliases": ["静岡"], "type": "prefecture"},
    {"id": "aichi", "label": "愛知県", "aliases": ["愛知"], "type": "prefecture"},
    {"id": "mie", "label": "三重県", "aliases": ["三重"], "type": "prefecture"},
    {"id": "shiga", "label": "滋賀県", "aliases": ["滋賀"], "type": "prefecture"},
    {"id": "kyoto", "label": "京都府", "aliases": ["京都"], "type": "prefecture"},
    {"id": "osaka", "label": "大阪府", "aliases": ["大阪"], "type": "prefecture"},
    {"id": "hyogo", "label": "兵庫県", "aliases": ["兵庫"], "type": "prefecture"},
    {"id": "nara", "label": "奈良県", "aliases": ["奈良"], "type": "prefecture"},
    {"id": "wakayama", "label": "和歌山県", "aliases": ["和歌山"], "type": "prefecture"},
    {"id": "tottori", "label": "鳥取県", "aliases": ["鳥取"], "type": "prefecture"},
    {"id": "shimane", "label": "島根県", "aliases": ["島根"], "type": "prefecture"},
    {"id": "okayama", "label": "岡山県", "aliases": ["岡山"], "type": "prefecture"},
    {"id": "hiroshima", "label": "広島県", "aliases": ["広島"], "type": "prefecture"},
    {"id": "yamaguchi", "label": "山口県", "aliases": ["山口"], "type": "prefecture"},
    {"id": "tokushima", "label": "徳島県", "aliases": ["徳島"], "type": "prefecture"},
    {"id": "kagawa", "label": "香川県", "aliases": ["香川"], "type": "prefecture"},
    {"id": "ehime", "label": "愛媛県", "aliases": ["愛媛"], "type": "prefecture"},
    {"id": "kochi", "label": "高知県", "aliases": ["高知"], "type": "prefecture"},
    {"id": "fukuoka", "label": "福岡県", "aliases": ["福岡"], "type": "prefecture"},
    {"id": "saga", "label": "佐賀県", "aliases": ["佐賀"], "type": "prefecture"},
    {"id": "nagasaki", "label": "長崎県", "aliases": ["長崎"], "type": "prefecture"},
    {"id": "kumamoto", "label": "熊本県", "aliases": ["熊本"], "type": "prefecture"},
    {"id": "oita", "label": "大分県", "aliases": ["大分"], "type": "prefecture"},
    {"id": "miyazaki", "label": "宮崎県", "aliases": ["宮崎"], "type": "prefecture"},
    {"id": "kagoshima", "label": "鹿児島県", "aliases": ["鹿児島"], "type": "prefecture"},
    {"id": "okinawa", "label": "沖縄県", "aliases": ["沖縄"], "type": "prefecture"},
    {"id": "japan", "label": "日本", "aliases": ["国内", "日本国内"], "type": "country"},
    {"id": "usa", "label": "アメリカ", "aliases": ["米国", "米", "アメリカ合衆国"], "type": "country"},
    {"id": "china", "label": "中国", "aliases": ["中華人民共和国"], "type": "country"},
    {"id": "russia", "label": "ロシア", "aliases": ["ロシア連邦"], "type": "country"},
    {"id": "ukraine", "label": "ウクライナ", "aliases": [], "type": "country"},
    {"id": "north_korea", "label": "北朝鮮", "aliases": ["朝鮮民主主義人民共和国"], "type": "country"},
    {"id": "south_korea", "label": "韓国", "aliases": ["大韓民国"], "type": "country"}
  ]
}
